{"commit":"2b45d75f77b3d86c8cfab3e1090bcc520c37ea74","pagesAndArtboards":{"3EA8FD9E-5FD7-4E57-B9C1-F7BCA77A2873":{"name":"Page 1","artboards":{}}},"version":101,"fonts":["AvenirNext-Regular"],"compatibilityVersion":93,"app":"com.bohemiancoding.sketch3","autosaved":0,"variant":"NONAPPSTORE","created":{"commit":"2b45d75f77b3d86c8cfab3e1090bcc520c37ea74","appVersion":"49.3","build":51167,"app":"com.bohemiancoding.sketch3","compatibilityVersion":93,"version":101,"variant":"NONAPPSTORE"},"saveHistory":["NONAPPSTORE.51167"],"appVersion":"49.3","build":51167}