{"commit":"25a070e8ae289f31b53070a88ef08db060debc17","appVersion":"46.1","build":44463,"app":"com.bohemiancoding.sketch3","pagesAndArtboards":{"ECF40A2B-6F7A-4013-9D8C-671A092650E9":{"name":"Page 1","artboards":{}}},"fonts":["SFUIDisplay-Bold"],"created":{"app":"com.bohemiancoding.sketch3","commit":"25a070e8ae289f31b53070a88ef08db060debc17","build":44463,"appVersion":"46.1","variant":"NONAPPSTORE","version":93},"version":93,"saveHistory":["NONAPPSTORE.44463"],"autosaved":0,"variant":"NONAPPSTORE"}